{
  "train_losses": [
    22682.76953125,
    22660.92578125,
    22643.4296875,
    22629.107421875,
    22616.23828125,
    22604.671875,
    22593.72265625,
    22582.650390625,
    22571.23828125,
    22559.48828125,
    22547.283203125,
    22534.642578125,
    22521.412109375,
    22507.650390625,
    22493.37109375,
    22478.40625,
    22462.630859375,
    22446.060546875,
    22428.51953125,
    22409.88671875,
    22390.373046875,
    22370.09375,
    22349.0703125,
    22327.515625,
    22305.26953125,
    22282.486328125,
    22259.00390625,
    22234.6875,
    22209.458984375,
    22183.15234375,
    22155.884765625,
    22127.642578125,
    22098.630859375,
    22068.84375,
    22038.29296875,
    22007.109375,
    21975.138671875,
    21942.296875,
    21908.73046875,
    21874.525390625,
    21839.751953125,
    21804.48828125,
    21768.6484375,
    21732.109375,
    21694.96484375,
    21657.30078125,
    21618.556640625,
    21579.466796875,
    21539.87890625,
    21499.7578125
  ],
  "val_losses": [
    9541.0224609375,
    9540.19140625,
    9539.50390625,
    9538.806640625,
    9538.0478515625,
    9536.9912109375,
    9535.6796875,
    9534.150390625,
    9532.345703125,
    9530.1845703125,
    9527.7265625,
    9525.08203125,
    9522.265625,
    9519.1953125,
    9515.8369140625,
    9512.1103515625,
    9508.0634765625,
    9503.7744140625,
    9499.23828125,
    9494.474609375,
    9489.546875,
    9484.48046875,
    9479.2841796875,
    9474.203125,
    9468.919921875,
    9463.4658203125,
    9458.0087890625,
    9452.4814453125,
    9446.9921875,
    9441.51171875,
    9436.22265625,
    9431.0185546875,
    9425.8896484375,
    9420.4638671875,
    9414.83984375,
    9408.7578125,
    9402.39453125,
    9396.2705078125,
    9390.23046875,
    9383.76171875,
    9376.49609375,
    9368.47265625,
    9360.638671875,
    9352.861328125,
    9345.40234375,
    9338.03515625,
    9330.7138671875,
    9323.7626953125,
    9316.5791015625,
    9310.5400390625
  ],
  "val_rmses": [
    